<?xml version="1.0" encoding="UTF-8"?>
<project-private xmlns="http://www.netbeans.org/ns/project-private/1">
    <editor-bookmarks xmlns="http://www.netbeans.org/ns/editor-bookmarks/2" lastBookmarkId="0"/>
    <open-files xmlns="http://www.netbeans.org/ns/projectui-open-files/2">
        <group>
            <file>file:/C:/Users/User/Documents/NetBeansProjects/library/src/library/admin_user.java</file>
            <file>file:/C:/Users/User/Documents/NetBeansProjects/library/src/library/user_menu.java</file>
            <file>file:/C:/Users/User/Documents/NetBeansProjects/library/src/library/issue_book.java</file>
            <file>file:/C:/Users/User/Documents/NetBeansProjects/library/src/library/admin_menu.java</file>
            <file>file:/C:/Users/User/Documents/NetBeansProjects/library/src/library/add_user.java</file>
            <file>file:/C:/Users/User/Documents/NetBeansProjects/library/src/library/view_return_book.java</file>
            <file>file:/C:/Users/User/Documents/NetBeansProjects/library/src/library/user_signup.java</file>
            <file>file:/C:/Users/User/Documents/NetBeansProjects/library/src/library/menu.java</file>
            <file>file:/C:/Users/User/Documents/NetBeansProjects/library/src/library/add_book.java</file>
            <file>file:/C:/Users/User/Documents/NetBeansProjects/library/src/library/user_login.java</file>
            <file>file:/C:/Users/User/Documents/NetBeansProjects/library/src/library/view_book.java</file>
            <file>file:/C:/Users/User/Documents/NetBeansProjects/library/src/library/library_login.java</file>
            <file>file:/C:/Users/User/Documents/NetBeansProjects/library/src/library/view_issue_book.java</file>
            <file>file:/C:/Users/User/Documents/NetBeansProjects/library/src/library/return_book.java</file>
        </group>
    </open-files>
</project-private>
